Gene,Mutation,Info
MAB_r5052,n.2269A>C,type=rrl_drug_resistance;drug=macrolides;literature=10.1038/s41467-021-25484-9
MAB_r5052,n.2269A>G,type=drug_resistance;drug=macrolides;literature=10.1038/s41467-021-25484-9
MAB_r5052,n.2269A>T,type=drug_resistance;drug=macrolides;literature=10.1038/s41467-021-25484-9
MAB_r5052,n.2270A>C,type=rrl_drug_resistance;drug=macrolides;literature=10.1038/s41467-021-25484-9
MAB_r5052,n.2270A>G,type=drug_resistance;drug=macrolides;literature=10.1038/s41467-021-25484-9
MAB_r5052,n.2270A>T,type=drug_resistance;drug=macrolides;literature=10.1038/s41467-021-25484-9
MAB_r5052,n.2271A>C,type=drug_resistance;drug=macrolides;literature=10.1038/s41467-021-25484-9
MAB_r5052,n.2271A>G,type=drug_resistance;drug=macrolides;literature=10.1038/s41467-021-25484-9
MAB_r5052,n.2271A>T,type=drug_resistance;drug=macrolides;literature=10.1038/s41467-021-25484-9
MAB_r5052,n.2281G>A,type=drug_resistance;drug=macrolides;literature=10.1038/s41467-021-25484-9
MAB_r5052,n.2281G>C,type=drug_resistance;drug=macrolides;literature=10.1038/s41467-021-25484-9
MAB_r5052,n.2281G>T,type=drug_resistance;drug=macrolides;literature=10.1038/s41467-021-25484-9
MAB_r5052,n.2293A>C,type=drug_resistance;drug=macrolides;literature=10.1038/s41467-021-25484-9
MAB_r5052,n.2293A>G,type=drug_resistance;drug=macrolides;literature=10.1038/s41467-021-25484-9
MAB_r5052,n.2293A>T,type=drug_resistance;drug=macrolides;literature=10.1038/s41467-021-25484-9
MAB_r5051,n.1373T>C,type=rrs_drug_resistance;drug=amikacin;literature=10.1038/s41467-021-25484-9
MAB_r5051,n.1373T>G,type=drug_resistance;drug=amikacin;literature=10.1038/s41467-021-25484-9
MAB_r5051,n.1373T>A,type=drug_resistance;drug=amikacin;literature=10.1038/s41467-021-25484-9
MAB_r5051,n.1375A>G,type=drug_resistance;drug=amikacin;literature=10.1038/s41467-021-25484-9
MAB_r5051,n.1376C>A,type=rrs_drug_resistance;drug=amikacin;literature=10.1038/s41467-021-25484-9
MAB_r5051,n.1376C>G,type=drug_resistance;drug=amikacin;literature=10.1038/s41467-021-25484-9
MAB_r5051,n.1376C>T,type=drug_resistance;drug=amikacin;literature=10.1038/s41467-021-25484-9
MAB_2297,functionally_normal,type=erm(41)_drug_resistance;drug=macrolides;literature=10.1038/s41467-021-25484-9
MAB_2297,c.-31A>T,type=drug_resistance;drug=macrolides;literature=10.1128/AAC.01204-18
MAB_2297,p.Trp10Arg,type=loss_of_function;gene_id=MAB_2297;so_term=loss_of_function_variant;literature=10.3389/fmicb.2024.1331508;comment=Causes a loss of function in erm(41) and removes the inducible macrolide resistance phenotype
MAB_0019,p.Asp96Asn,type=drug_resistance;drug=fluoroquinolones;literature=10.1128/aac.01051-24
